well,RTbarcode,genotype,batch,replicate,sample
A01,TCCTACCAGT,srgap2KO,1,A,srgap2KO.1.A
A02,GCGTTGGAGC,srgap2KO,1,B,srgap2KO.1.B
A03,GATCTTACGC,srgap2KO,1,C,srgap2KO.1.C
A04,CTGATGGTCA,hydinKO,1,A,hydinKO.1.A
A05,CCGAGAATCC,hydinKO,1,B,hydinKO.1.B
A06,GCCGCAACGA,hydinKO,1,C,hydinKO.1.C
A07,TGAGTCTGGC,ncf1KO,1,A,ncf1KO.1.A
A08,TGCGGACCTA,ncf1KO,1,B,ncf1KO.1.B
A09,ACGGAGGCGG,ncf1KO,1,C,ncf1KO.1.C
A10,TAGATCTACT,frmpd2KO,1,A,frmpd2KO.1.A
A11,AATTAAGACT,frmpd2KO,1,B,frmpd2KO.1.B
A12,TTATTCATTC,frmpd2KO,1,C,frmpd2KO.1.C
B01,TTGACTTCAG,npy4rKO,1,A,npy4rKO.1.A
B02,AGAGCTATAA,npy4rKO,1,B,npy4rKO.1.B
B03,CTAAGAGAAG,npy4rKO,1,C,npy4rKO.1.C
B04,ACTCAATAGG,ptpn20KO,2,A,ptpn20KO.2.A
B05,CTTGCGCCGC,ptpn20KO,2,B,ptpn20KO.2.B
B06,GGTACTGCCT,ptpn20KO,2,C,ptpn20KO.2.C
B07,TAGAATTAAC,pdzk1KO,2,A,pdzk1KO.2.A
B08,GCCATTCTCC,pdzk1KO,2,B,pdzk1KO.2.B
B09,TGCCGGCAGA,pdzk1KO,2,C,pdzk1KO.2.C
B10,TTACCGAGGC,gpr89KO,2,A,gpr89KO.2.A
B11,ATCATATTAG,gpr89KO,2,B,gpr89KO.2.B
B12,TGGTCAGCCA,gpr89KO,2,C,gpr89KO.2.C
C01,ACTATGCAAT,arhgap11MO,2,A,arhgap11MO.2.A
C02,CGACGCGACT,arhgap11MO,2,B,arhgap11MO.2.B
C03,GATACGGAAC,arhgap11MO,2,C,arhgap11MO.2.C
C04,TTATCCGGAT,fam72KO,2,A,fam72KO.2.A
C05,TAGAGTAATA,fam72KO,2,B,fam72KO.2.B
C06,GCAGGTCCGT,fam72KO,2,C,fam72KO.2.C
C07,TCGGCCTTAC,scrambled,1,A,scrambled.1.A
C08,AGAACGTCTC,scrambled,1,B,scrambled.1.B
C09,CCAGTTCCAA,scrambled,1,C,scrambled.1.C
C10,ACTTAACCTT,scrambled,2,A,scrambled.2.A
C11,CAACCGCTAA,scrambled,2,B,scrambled.2.B
C12,GACCTTGATA,scrambled,2,C,scrambled.2.C
D01,TCTGATACCA,controlMO,2,A,controlMO.2.A
D02,GAAGATCGAG,controlMO,2,B,controlMO.2.B
D03,AAGAAGCTAG,controlMO,2,C,controlMO.2.C
D04,TCCGGCCTCG,empty,empty,empty,empty.empty.empty
D05,AGAGAAGGTT,empty,empty,empty,empty.empty.empty
D06,CATACTCCGA,empty,empty,empty,empty.empty.empty
D07,GCTAACTTGC,empty,empty,empty,empty.empty.empty
D08,GGCTGAGCTC,empty,empty,empty,empty.empty.empty
D09,CCGATTCCTG,empty,empty,empty,empty.empty.empty
D10,ACCGCCAACC,empty,empty,empty,empty.empty.empty
D11,ATAAGGAGCA,empty,empty,empty,empty.empty.empty
D12,CGAACGCCGG,empty,empty,empty,empty.empty.empty
E01,GGTATGCTTG,srgap2KO,1,A,srgap2KO.1.A
E02,AACCTGCGTA,srgap2KO,1,B,srgap2KO.1.B
E03,GGCAGACGCC,srgap2KO,1,C,srgap2KO.1.C
E04,TAGCCGTCAT,hydinKO,1,A,hydinKO.1.A
E05,CTAGTAGTCT,hydinKO,1,B,hydinKO.1.B
E06,ACGCGAGATT,hydinKO,1,C,hydinKO.1.C
E07,GGTATCCGCC,ncf1KO,1,A,ncf1KO.1.A
E08,AACTAGGCGC,ncf1KO,1,B,ncf1KO.1.B
E09,TCGCTAAGCA,ncf1KO,1,C,ncf1KO.1.C
E10,TATATACTAA,frmpd2KO,1,A,frmpd2KO.1.A
E11,ACTTGCTAGA,frmpd2KO,1,B,frmpd2KO.1.B
E12,AACCATTGGA,frmpd2KO,1,C,frmpd2KO.1.C
F01,TCGCGGTTGG,npy4rKO,1,A,npy4rKO.1.A
F02,CGTAGTTACC,npy4rKO,1,B,npy4rKO.1.B
F03,TCCAATCATC,npy4rKO,1,C,npy4rKO.1.C
F04,AATCGATAAT,ptpn20KO,2,A,ptpn20KO.2.A
F05,CCATTATCTA,ptpn20KO,2,B,ptpn20KO.2.B
F06,TCAACGTAAG,ptpn20KO,2,C,ptpn20KO.2.C
F07,TCTAATAGTA,pdzk1KO,2,A,pdzk1KO.2.A
F08,GATCGCTTCT,pdzk1KO,2,B,pdzk1KO.2.B
F09,CTAACTAGAT,pdzk1KO,2,C,pdzk1KO.2.C
F10,GCTGGAACTT,gpr89KO,2,A,gpr89KO.2.A
F11,AGGTTAGTTC,gpr89KO,2,B,gpr89KO.2.B
F12,CATTCGACGG,gpr89KO,2,C,gpr89KO.2.C
G01,CATTCAATCA,arhgap11MO,2,A,arhgap11MO.2.A
G02,CGGATTAGAA,arhgap11MO,2,B,arhgap11MO.2.B
G03,ATCGGCTATC,arhgap11MO,2,C,arhgap11MO.2.C
G04,ACGAAGTCAA,fam72KO,2,A,fam72KO.2.A
G05,TTACCTCGAC,fam72KO,2,B,fam72KO.2.B
G06,GGAGGATAGC,fam72KO,2,C,fam72KO.2.C
G07,GGCTCTCTAT,scrambled,1,A,scrambled.1.A
G08,CGGTCAAGAA,scrambled,1,B,scrambled.1.B
G09,CGCTCCTAAC,scrambled,1,C,scrambled.1.C
G10,ATCCATGACT,scrambled,2,A,scrambled.2.A
G11,AACCTGGTCT,scrambled,2,B,scrambled.2.B
G12,GGTACCGGCA,scrambled,2,C,scrambled.2.C
H01,AAGCCAGTTA,controlMO,2,A,controlMO.2.A
H02,TCTTGCCGAC,controlMO,2,B,controlMO.2.B
H03,AAGACCGTTG,controlMO,2,C,controlMO.2.C
H04,AGGTTAGCAT,empty,empty,empty,empty.empty.empty
H05,TTCGCCTCCA,empty,empty,empty,empty.empty.empty
H06,AGAGCCAAGG,empty,empty,empty,empty.empty.empty
H07,AATACCATCC,empty,empty,empty,empty.empty.empty
H08,AGCTCTCCTC,empty,empty,empty,empty.empty.empty
H09,AGCTTATCCG,empty,empty,empty,empty.empty.empty
H10,CATCTCTGCA,empty,empty,empty,empty.empty.empty
H11,ACCTGGCCAA,empty,empty,empty,empty.empty.empty
H12,TAACTGGTTA,empty,empty,empty,empty.empty.empty